Company	Stock_Code	Industry	Index
AMMB HOLDINGS BHD	1015	BANKING	FTSE BURSA MALAYSIA KLCI
AXIATA GROUP BERHAD	6888	TELECOMMUNICATIONS SERVICE PROVIDERS	FTSE BURSA MALAYSIA KLCI
CIMB GROUP HOLDINGS BERHAD	1023	BANKING	FTSE BURSA MALAYSIA KLCI
DIALOG GROUP BHD	7277	"ENERGY INFRASTRUCTURE, EQUIPMENT & SERVICES"	FTSE BURSA MALAYSIA KLCI
DIGI.COM BHD	6947	TELECOMMUNICATIONS SERVICE PROVIDERS	FTSE BURSA MALAYSIA KLCI
GENTING BHD	3182	"TRAVEL, LEISURE & HOSPITALITY"	FTSE BURSA MALAYSIA KLCI
GENTING MALAYSIA BERHAD	4715	"TRAVEL, LEISURE & HOSPITALITY"	FTSE BURSA MALAYSIA KLCI
HAP SENG CONSOLIDATED BHD	3034	DIVERSIFIED INDUSTRIALS	FTSE BURSA MALAYSIA KLCI
HARTALEGA HOLDINGS BHD	5168	HEALTH CARE EQUIPMENT & SERVICES	FTSE BURSA MALAYSIA KLCI
HONG LEONG BANK BHD	5819	BANKING	FTSE BURSA MALAYSIA KLCI
HONG LEONG FINANCIAL GROUP BHD	1082	BANKING	FTSE BURSA MALAYSIA KLCI
IHH HEALTHCARE BERHAD	5225	HEALTH CARE PROVIDERS	FTSE BURSA MALAYSIA KLCI
IOI CORPORATION BHD	1961	PLANTATION	FTSE BURSA MALAYSIA KLCI
KUALA LUMPUR KEPONG BHD	2445	PLANTATION	FTSE BURSA MALAYSIA KLCI
MALAYAN BANKING BHD	1155	BANKING	FTSE BURSA MALAYSIA KLCI
MALAYSIA AIRPORTS HOLDINGS BHD	5014	TRANSPORTATION & LOGISTICS SERVICES	FTSE BURSA MALAYSIA KLCI
MAXIS BERHAD	6012	TELECOMMUNICATIONS SERVICE PROVIDERS	FTSE BURSA MALAYSIA KLCI
MISC BHD	3816	TRANSPORTATION & LOGISTICS SERVICES	FTSE BURSA MALAYSIA KLCI
NESTLE (M) BHD	4707	FOOD & BEVERAGES	FTSE BURSA MALAYSIA KLCI
PETRONAS CHEMICALS GROUP BHD	5183	CHEMICALS	FTSE BURSA MALAYSIA KLCI
PETRONAS DAGANGAN BHD	5681	RETAILERS	FTSE BURSA MALAYSIA KLCI
PETRONAS GAS BHD	6033	"GAS, WATER & MULTI-UTILITIES"	FTSE BURSA MALAYSIA KLCI
PPB GROUP BHD	4065	FOOD & BEVERAGES	FTSE BURSA MALAYSIA KLCI
PRESS METAL ALUMINIUM HOLDINGS BERHAD	8869	METALS	FTSE BURSA MALAYSIA KLCI
PUBLIC BANK BHD	1295	BANKING	FTSE BURSA MALAYSIA KLCI
RHB BANK BERHAD	1066	BANKING	FTSE BURSA MALAYSIA KLCI
SIME DARBY BHD	4197	AUTOMOTIVE	FTSE BURSA MALAYSIA KLCI
SIME DARBY PLANTATION BERHAD	5285	PLANTATION	FTSE BURSA MALAYSIA KLCI
TENAGA NASIONAL BHD	5347	ELECTRICITY	FTSE BURSA MALAYSIA KLCI
TOP GLOVE CORPORATION BHD	7113	HEALTH CARE EQUIPMENT & SERVICES	FTSE BURSA MALAYSIA KLCI
7-ELEVEN MALAYSIA HOLDINGS BERHAD	5250	CONSUMER PRODUCTS & SERVICES	Others
ABLEGROUP BERHAD	7086	UNKNOWN	Others
ABM FUJIYA BERHAD	5198	UNKNOWN	Others
ACME HOLDINGS BERHAD	7131	UNKNOWN	Others
ACOUSTECH BHD	7120	UNKNOWN	Others
ADVANCE INFORMATION MARKETING	122	UNKNOWN	Others
ADVANCE SYNERGY BHD	1481	UNKNOWN	Others
ADVANCECON HOLDINGS BERHAD	5281	UNKNOWN	Others
ADVANCED PACKAGING TECHNOLOGY	9148	UNKNOWN	Others
ADVENTA BHD	7191	UNKNOWN	Others
AE MULTI HOLDINGS BHD	7146	UNKNOWN	Others
AEMULUS HOLDINGS BERHAD	181	UNKNOWN	Others
AEON CO. (M) BHD	6599	UNKNOWN	Others
AEON CREDIT SERVICE (M) BHD	5139	UNKNOWN	Others
AFFIN BANK BERHAD	5185	UNKNOWN	Others
AHB HOLDINGS BHD	7315	UNKNOWN	Others
AHMAD ZAKI RESOURCES BHD	7078	UNKNOWN	Others
AIRASIA GROUP BERHAD	5099	UNKNOWN	Others
AIRASIA X BERHAD	5238	CONSUMER PRODUCTS & SERVICES	Others
AJINOMOTO (M) BHD	2658	CONSUMER PRODUCTS & SERVICES	Others
AJIYA BHD	7609	UNKNOWN	Others
ALAM MARITIM RESOURCES BHD	5115	UNKNOWN	Others
AL-AQAR HEALTHCARE REIT	5116	UNKNOWN	Others
ALCOM GROUP BERHAD	2674	UNKNOWN	Others
ALLIANCE BANK MALAYSIA BERHAD	2488	UNKNOWN	Others
ALLIANZ MALAYSIA BHD	1163	UNKNOWN	Others
AL-SALAM REAL ESTATE INVESTMENT TRUST	5269	UNKNOWN	Others
AMALGAMATED INDUSTRIAL STEEL	2682	UNKNOWN	Others
AMANAH HARTA TANAH PNB	4952	UNKNOWN	Others
AMANAHRAYA REITS	5127	UNKNOWN	Others
AMCORP PROPERTIES BERHAD	1007	PROPERTY	Others
AMFIRST REITS	5120	UNKNOWN	Others
AMLEX HOLDINGS BERHAD	3011	UNKNOWN	Others
AMTEK HOLDINGS BHD	7051	UNKNOWN	Others
AMTEL HOLDINGS BHD	7031	UNKNOWN	Others
AMVERTON BERHAD	5959	PROPERTY	Others
AMWAY (M) HOLDINGS BHD	6351	CONSUMER PRODUCTS & SERVICES	Others
ANALABS RESOURCES BHD	7083	UNKNOWN	Others
ANCOM BHD	4758	UNKNOWN	Others
ANCOM LOGISTICS BERHAD	48	UNKNOWN	Others
ANN JOO RESOURCES BHD	6556	INDUSTRIAL PRODUCTS & SERVICES	Others
ANZO HOLDINGS BERHAD	9342	UNKNOWN	Others
APB RESOURCES BHD	5568	UNKNOWN	Others
APEX EQUITY HOLDINGS BHD	5088	FINANCIAL SERVICES	Others
APEX HEALTHCARE BHD	7090	HEALTH CARE	Others
APFT BERHAD	5194	UNKNOWN	Others
APM AUTOMOTIVE HOLDINGS BHD	5015	INDUSTRIAL PRODUCTS & SERVICES	Others
APOLLO FOOD HOLDINGS BHD	6432	CONSUMER PRODUCTS & SERVICES	Others
APPASIA BERHAD	119	UNKNOWN	Others
A-RANK BHD	7214	UNKNOWN	Others
ARK RESOURCES HOLDINGS BERHAD	7007	UNKNOWN	Others
ASDION BHD	68	UNKNOWN	Others
ASIA BRANDS BERHAD	7722	UNKNOWN	Others
ASIA FILE CORPORATION BHD	7129	CONSUMER PRODUCTS & SERVICES	Others
ASIA MEDIA GROUP BERHAD	159	UNKNOWN	Others
ASIA POLY HOLDINGS BHD	105	UNKNOWN	Others
ASIAN PAC HOLDINGS BHD	4057	UNKNOWN	Others
ASTINO BHD	7162	UNKNOWN	Others
ASTRAL ASIA BHD	7054	UNKNOWN	Others
ASTRO MALAYSIA HOLDINGS BERHAD	6399	UNKNOWN	Others
AT SYSTEMATIZATION BHD	72	UNKNOWN	Others
ATA IMS BERHAD	8176	INDUSTRIAL PRODUCTS & SERVICES	Others
ATLAN HOLDINGS BHD	7048	CONSUMER PRODUCTS & SERVICES	Others
ATRIUM REITS	5130	UNKNOWN	Others
ATTA GLOBAL GROUP BERHAD	7099	UNKNOWN	Others
ATURMAJU RESOURCES BHD	7181	UNKNOWN	Others
AVILLION BERHAD	8885	CONSUMER PRODUCTS & SERVICES	Others
AWC BERHAD	7579	UNKNOWN	Others
AXIS REITS	5106	UNKNOWN	Others
AYER HOLDINGS BERHAD	2305	PROPERTY	Others
AYS VENTURES BHD	5021	UNKNOWN	Others
B.I.G. INDUSTRIES BHD	7005	UNKNOWN	Others
BAHVEST RESOURCES BERHAD	98	CONSUMER PRODUCTS & SERVICES	Others
BARAKAH OFFSHORE PETROLEUM BHD	7251	UNKNOWN	Others
BATU KAWAN BHD	1899	UNKNOWN	Others
BCB BHD	6602	UNKNOWN	Others
BCM ALLIANCE BERHAD	187	UNKNOWN	Others
BENALEC HOLDINGS BERHAD	5190	UNKNOWN	Others
BERJAYA ASSETS BERHAD	3239	PROPERTY	Others
BERJAYA CORPORATION BHD	3395	INDUSTRIAL PRODUCTS & SERVICES	Others
BERJAYA FOOD BERHAD	5196	CONSUMER PRODUCTS & SERVICES	Others
BERJAYA LAND BHD	4219	CONSUMER PRODUCTS & SERVICES	Others
BERJAYA MEDIA BHD	6025	UNKNOWN	Others
BERJAYA SPORTS TOTO BHD	1562	UNKNOWN	Others
BERMAZ AUTO BERHAD	5248	UNKNOWN	Others
BERTAM ALLIANCE BHD	9814	UNKNOWN	Others
BIMB HOLDINGS BHD	5258	UNKNOWN	Others
BINA DARULAMAN BHD	6173	UNKNOWN	Others
BINA PURI HOLDINGS BHD	5932	UNKNOWN	Others
BINASAT COMMUNICATIONS BERHAD	195	UNKNOWN	Others
BINTAI KINDEN CORPORATION BHD	6998	UNKNOWN	Others
BINTULU PORT HOLDINGS BHD	5032	UNKNOWN	Others
BIO OSMO BHD	7243	UNKNOWN	Others
BIOALPHA HOLDINGS BERHAD	179	UNKNOWN	Others
BLD PLANTATION BHD	5069	PLANTATION	Others
BOILERMECH HOLDINGS BHD	168	INDUSTRIAL PRODUCTS & SERVICES	Others
BONIA CORPORATION BHD	9288	UNKNOWN	Others
BORNEO OIL BHD	7036	INDUSTRIAL PRODUCTS & SERVICES	Others
BOUSTEAD HEAVY INDUSTRIES CORP	8133	TRANSPORTATION & LOGISTICS	Others
BOUSTEAD HOLDINGS BHD	2771	UNKNOWN	Others
BOUSTEAD PLANTATIONS BHD	5254	PLANTATION	Others
BOX-PAK (MALAYSIA) BHD	6297	UNKNOWN	Others
BP PLASTICS HOLDING BHD	5100	UNKNOWN	Others
BRAHIMS HOLDINGS BERHAD	9474	UNKNOWN	Others
BREM HOLDINGS BHD	8761	CONSTRUCTION	Others
BRIGHT PACKAGING INDUSTRY BHD	9938	UNKNOWN	Others
BRITE-TECH BHD	11	UNKNOWN	Others
BRITISH AMERICAN TOBACCO (M)	4162	UNKNOWN	Others
BSL CORPORATION BERHAD	7221	UNKNOWN	Others
BTM RESOURCES BHD	7188	UNKNOWN	Others
BUMI ARMADA BERHAD	5210	ENERGY	Others
BURSA MALAYSIA BHD	1818	UNKNOWN	Others
C.I. HOLDINGS BHD	2828	CONSUMER PRODUCTS & SERVICES	Others
CAB CAKARAN CORPORATION BHD	7174	CONSUMER PRODUCTS & SERVICES	Others
CABNET HOLDINGS BERHAD	191	UNKNOWN	Others
CAELY HOLDINGS BHD	7154	UNKNOWN	Others
CAHYA MATA SARAWAK BHD	2852	UNKNOWN	Others
CAM RESOURCES BHD	7128	UNKNOWN	Others
CAN-ONE BHD	5105	INDUSTRIAL PRODUCTS & SERVICES	Others
CAPITALAND MALAYSIA MALL TRUST	5180	UNKNOWN	Others
CAREPLUS GROUP BERHAD	163	UNKNOWN	Others
CARIMIN PETROLEUM BERHAD	5257	UNKNOWN	Others
CARING PHARMACY GROUP BERHAD	5245	CONSUMER PRODUCTS & SERVICES	Others
CARLSBERG BREWERY MALAYSIA BHD	2836	UNKNOWN	Others
CB INDUSTRIAL PRODUCT HOLDING	7076	INDUSTRIAL PRODUCTS & SERVICES	Others
CCK CONSOLIDATED HOLDINGS BHD	7035	CONSUMER PRODUCTS & SERVICES	Others
CCM DUOPHARMA BIOTECH BHD	7148	HEALTH CARE	Others
CENSOF HOLDINGS BERHAD	5195	UNKNOWN	Others
CENTRAL INDUSTRIAL CORPORATION	8052	UNKNOWN	Others
CEPATWAWASAN GROUP BHD	8982	UNKNOWN	Others
CHEETAH HOLDINGS BHD	7209	UNKNOWN	Others
CHEMICAL COMPANY OF MALAYSIA	2879	INDUSTRIAL PRODUCTS & SERVICES	Others
CHIN HIN GROUP BERHAD	5273	INDUSTRIAL PRODUCTS & SERVICES	Others
CHIN HIN GROUP PROPERTY BERHAD	7187	UNKNOWN	Others
CHIN TECK PLANTATIONS BHD	1929	PLANTATION	Others
CHIN WELL HOLDINGS BHD	5007	INDUSTRIAL PRODUCTS & SERVICES	Others
CHINA AUTOMOBILE PARTS HLD LTD	5229	UNKNOWN	Others
CHINA OUHUA WINERY HLDGS LTD	5188	UNKNOWN	Others
CHINA STATIONERY LIMITED	5214	UNKNOWN	Others
CHOO BEE METAL INDUSTRIES BHD	5797	UNKNOWN	Others
CHUAN HUAT RESOURCES BHD	7016	UNKNOWN	Others
CJ CENTURY LOGISTICS HOLDINGS BERHAD	7117	UNKNOWN	Others
CLASSIC SCENIC BHD	7202	UNKNOWN	Others
CLIQ ENERGY BERHAD	5234	SPECIAL PURPOSE ACQUISITION COMPANY	Others
CLOUDARON GROUP BERHAD	3001	TECHNOLOGY	Others
CME GROUP BHD	7018	UNKNOWN	Others
CN ASIA CORPORATION BHD	7986	UNKNOWN	Others
CNI HOLDINGS BHD	5104	UNKNOWN	Others
COASTAL CONTRACTS BHD	5071	ENERGY	Others
COCOALAND HOLDINGS BHD	7205	CONSUMER PRODUCTS & SERVICES	Others
COMFORT GLOVES BERHAD	2127	INDUSTRIAL PRODUCTS & SERVICES	Others
COMINTEL CORPORATION BHD	7195	UNKNOWN	Others
COMPLETE LOGISTIC SERVICES BHD	5136	UNKNOWN	Others
COMPUGATES HOLDINGS BHD	5037	UNKNOWN	Others
COMPUTER FORMS (M) BHD	8044	UNKNOWN	Others
CONCRETE ENGINEERING PRODUCTS	8435	UNKNOWN	Others
CONNECTCOUNTY HOLDINGS BHD	102	UNKNOWN	Others
COUNTRY HEIGHTS HOLDINGS BHD	5738	PROPERTY	Others
COUNTRY VIEW BHD	5049	UNKNOWN	Others
CRESCENDO CORPORATION BHD	6718	PROPERTY	Others
CREST BUILDER HOLDINGS BHD	8591	UNKNOWN	Others
CRG INCORPORATED BERHAD	3016	UNKNOWN	Others
CSC STEEL HOLDINGS BERHAD	5094	INDUSTRIAL PRODUCTS & SERVICES	Others
CUSCAPI BHD	51	UNKNOWN	Others
CWG HOLDINGS BERHAD	9423	UNKNOWN	Others
CYCLE & CARRIAGE BINTANG BHD	2925	UNKNOWN	Others
CYL CORPORATION BHD	7157	UNKNOWN	Others
CYMAO HOLDINGS BHD	5082	UNKNOWN	Others
CYPARK RESOURCES BERHAD	5184	INDUSTRIAL PRODUCTS & SERVICES	Others
D&O GREEN TECHNOLOGIES BERHAD	7204	TECHNOLOGY	Others
D.B.E. GURNEY RESOURCES BHD	7179	UNKNOWN	Others
DAGANG NEXCHANGE BERHAD	4456	TECHNOLOGY	Others
DAIBOCHI BERHAD	8125	INDUSTRIAL PRODUCTS & SERVICES	Others
DAIMAN DEVELOPMENT BHD	5355	PROPERTY	Others
DAMANSARA REALTY BHD	3484	UNKNOWN	Others
DANCOMECH HOLDINGS BERHAD	5276	UNKNOWN	Others
DATAPREP HOLDINGS BHD	8338	UNKNOWN	Others
DATASONIC GROUP BERHAD	5216	TECHNOLOGY	Others
DAYA MATERIALS BHD	91	UNKNOWN	Others
DAYANG ENTERPRISE HOLDINGS BHD	5141	ENERGY	Others
DEGEM BHD	7119	UNKNOWN	Others
DELEUM BHD	5132	ENERGY	Others
DESTINI BERHAD	7212	INDUSTRIAL PRODUCTS & SERVICES	Others
DGB ASIA BERHAD	152	UNKNOWN	Others
DIGISTAR CORPORATION BHD	29	UNKNOWN	Others
DIVERSIFIED GATEWAY SOLUTIONS	131	UNKNOWN	Others
DKLS INDUSTRIES BHD	7528	UNKNOWN	Others
DKSH HOLDINGS(M)BHD	5908	CONSUMER PRODUCTS & SERVICES	Others
DNONCE TECHNOLOGY BHD	7114	UNKNOWN	Others
DOLOMITE CORPORATION BHD	5835	UNKNOWN	Others
DOLPHIN INTERNATIONAL BERHAD	5265	UNKNOWN	Others
DOMINANT ENTERPRISE BHD	7169	INDUSTRIAL PRODUCTS & SERVICES	Others
DPI HOLDINGS BERHAD	205	UNKNOWN	Others
DPS RESOURCES BHD	7198	UNKNOWN	Others
DRB-HICOM BHD	1619	UNKNOWN	Others
DUFU TECHNOLOGY CORP. BHD	7233	INDUSTRIAL PRODUCTS & SERVICES	Others
DUTALAND BHD	3948	PLANTATION	Others
DUTCH LADY MILK INDUSTRIES BHD	3026	UNKNOWN	Others
E.A.TECHNIQUE (M) BERHAD	5259	UNKNOWN	Others
EA HOLDINGS BERHAD	154	UNKNOWN	Others
EASTERN & ORIENTAL BHD	3417	PROPERTY	Others
EASTLAND EQUITY BHD	2097	UNKNOWN	Others
ECM LIBRA FINANCIAL GRP BHD	2143	UNKNOWN	Others
ECO WORLD DEVELOPMENT GROUP BERHAD	8206	UNKNOWN	Others
ECO WORLD INTERNATIONAL BERHAD	5283	PROPERTY	Others
ECOBUILT HOLDINGS BERHAD	59	UNKNOWN	Others
ECOFIRST CONSOLIDATED BHD	3557	PROPERTY	Others
ECONPILE HOLDINGS BHD	5253	CONSTRUCTION	Others
EDARAN BHD	5036	UNKNOWN	Others
EDEN INC. BHD	7471	UNKNOWN	Others
EDUSPEC HOLDINGS BERHAD	107	UNKNOWN	Others
EFFICIENT E-SOLUTIONS BHD	64	UNKNOWN	Others
EG INDUSTRIES BHD	8907	UNKNOWN	Others
EITA RESOURCES BERHAD	5208	UNKNOWN	Others
EKA NOODLES BERHAD	7182	UNKNOWN	Others
EKOVEST BHD	8877	CONSTRUCTION	Others
EKSONS CORPORATION BHD	9016	UNKNOWN	Others
ELK-DESA RESOURCES BERHAD	5228	FINANCIAL SERVICES	Others
ELSOFT RESEARCH BHD	90	TECHNOLOGY	Others
EMICO HOLDINGS BHD	9091	UNKNOWN	Others
ENCORP BHD	6076	UNKNOWN	Others
ENG KAH CORPORATION BHD	7149	UNKNOWN	Others
ENGTEX GROUP BHD	5056	INDUSTRIAL PRODUCTS & SERVICES	Others
ENRA GROUP BERHAD	8613	PROPERTY	Others
EONMETALL GROUP BHD	7217	UNKNOWN	Others
EP MANUFACTURING BHD	7773	UNKNOWN	Others
ES CERAMICS TECHNOLOGY BHD	100	UNKNOWN	Others
ESTHETICS INTERNATIONAL GROUP	5081	UNKNOWN	Others
EUPE CORPORATION BHD	6815	UNKNOWN	Others
EURO HOLDINGS BHD	7208	UNKNOWN	Others
EUROSPAN HOLDINGS BHD	7094	UNKNOWN	Others
EVERGREEN FIBREBOARD BHD	5101	INDUSTRIAL PRODUCTS & SERVICES	Others
EVERSAFE RUBBER BERHAD	190	UNKNOWN	Others
EVERSENDAI CORPORATION BERHAD	5205	CONSTRUCTION	Others
EWEIN BERHAD	7249	UNKNOWN	Others
EXCEL FORCE MSC BHD	65	UNKNOWN	Others
FACB INDUSTRIES INCORPORATED	2984	UNKNOWN	Others
FAJARBARU BUILDER GRP BHD	7047	UNKNOWN	Others
FAR EAST HOLDINGS BHD	5029	PLANTATION	Others
FARLIM GROUP (M) BHD	6041	UNKNOWN	Others
FAVELLE FAVCO BHD	7229	INDUSTRIAL PRODUCTS & SERVICES	Others
FCW HOLDINGS BHD	2755	UNKNOWN	Others
FEDERAL INTERNATIONAL HOLDINGS BERHAD	8605	UNKNOWN	Others
FGV HOLDINGS BERHAD	5222	UNKNOWN	Others
FIAMMA HOLDINGS BHD	6939	CONSUMER PRODUCTS & SERVICES	Others
FIBON BERHAD	149	UNKNOWN	Others
FIMA CORPORATION BHD	3107	INDUSTRIAL PRODUCTS & SERVICES	Others
FINTEC GLOBAL BERHAD	150	UNKNOWN	Others
FITTERS DIVERSIFIED BHD	9318	UNKNOWN	Others
FOCUS DYNAMICS GROUP BERHAD	116	CONSUMER PRODUCTS & SERVICES	Others
FOCUS LUMBER BERHAD	5197	UNKNOWN	Others
FOCUS POINT HOLDINGS BERHAD	157	UNKNOWN	Others
FORMOSA PROSONIC INDUSTRIES	9172	CONSUMER PRODUCTS & SERVICES	Others
FOUNDPAC GROUP BERHAD	5277	UNKNOWN	Others
FRASER & NEAVE HOLDINGS BHD	3689	UNKNOWN	Others
FREIGHT MANAGEMENT HLDGS BHD	7210	UNKNOWN	Others
FRONTKEN CORPORATION BHD	128	TECHNOLOGY	Others
FSBM HOLDINGS BHD	9377	UNKNOWN	Others
G NEPTUNE BERHAD	45	UNKNOWN	Others
G3 GLOBAL BERHAD	7184	CONSUMER PRODUCTS & SERVICES	Others
GABUNGAN AQRS BERHAD	5226	CONSTRUCTION	Others
GADANG HOLDINGS BHD	9261	CONSTRUCTION	Others
GAGASAN NADI CERGAS BERHAD	206	UNKNOWN	Others
GAMUDA BHD	5398	UNKNOWN	Others
GAS MALAYSIA BERHAD	5209	UNKNOWN	Others
GD EXPRESS CARRIER BHD	78	TRANSPORTATION & LOGISTICS	Others
GDB HOLDINGS BERHAD	198	UNKNOWN	Others
GENETEC TECHNOLOGY BERHAD	104	UNKNOWN	Others
GENTING PLANTATIONS BERHAD	2291	UNKNOWN	Others
GEORGE KENT (M) BHD	3204	CONSTRUCTION	Others
GE-SHEN CORPORATION BHD	7197	UNKNOWN	Others
GETS GLOBAL BERHAD	5079	UNKNOWN	Others
GFM SERVICES BERHAD	39	INDUSTRIAL PRODUCTS & SERVICES	Others
GHL SYSTEMS BHD	21	TECHNOLOGY	Others
GLOBAL ORIENTAL BERHAD	1147	UNKNOWN	Others
GLOBALTEC FORMATION BERHAD	5220	UNKNOWN	Others
GLOBETRONICS TECHNOLOGY BHD	7022	TECHNOLOGY	Others
GLOMAC BHD	5020	PROPERTY	Others
GOLDEN LAND BERHAD	7382	UNKNOWN	Others
GOLDEN PHAROS BHD	5649	UNKNOWN	Others
GOODWAY INTEGRATED INDUSTRIES	7192	UNKNOWN	Others
GOPENG BHD	2135	UNKNOWN	Others
GPA HOLDINGS BHD	7096	UNKNOWN	Others
GRAND CENTRAL ENTERPRISES BHD	5592	UNKNOWN	Others
GRAND HOOVER BHD	7010	UNKNOWN	Others
GRAND-FLO BERHAD	56	UNKNOWN	Others
GREEN OCEAN CORPORATION BERHAD	74	UNKNOWN	Others
GREEN PACKET BHD	82	TELECOMMUNICATIONS & MEDIA	Others
GREENYIELD BHD	136	UNKNOWN	Others
GROMUTUAL BHD	9962	UNKNOWN	Others
GSB GROUP BHD	7077	UNKNOWN	Others
GUAN CHONG BHD	5102	CONSUMER PRODUCTS & SERVICES	Others
GUH HOLDINGS BHD	3247	UNKNOWN	Others
GUNUNG CAPITAL BERHAD	7676	UNKNOWN	Others
GUOCOLAND (MALAYSIA) BHD	1503	PROPERTY	Others
HAI-O ENTERPRISE BHD	7668	CONSUMER PRODUCTS & SERVICES	Others
HALEX HOLDINGS BERHAD	5151	UNKNOWN	Others
HANDAL RESOURCES BERHAD	7253	UNKNOWN	Others
HAP SENG PLANTATIONS HOLDINGS	5138	PLANTATION	Others
HARBOUR-LINK GROUP BHD	2062	TRANSPORTATION & LOGISTICS	Others
HARN LEN CORPORATION BHD	7501	UNKNOWN	Others
HARRISONS HOLDINGS (M) BHD	5008	CONSUMER PRODUCTS & SERVICES	Others
HB GLOBAL LIMITED	5187	UNKNOWN	Others
HCK CAPITAL GROUP BERHAD	7105	PROPERTY	Others
HEINEKEN MALAYSIA BERHAD	3255	UNKNOWN	Others
HEITECH PADU BHD	5028	UNKNOWN	Others
HEKTAR REITS	5121	UNKNOWN	Others
HENG HUAT RESOURCES GROUP BHD	175	UNKNOWN	Others
HENGYUAN REFINING COMPANY BERHAD	4324	ENERGY	Others
HEVEABOARD BHD	5095	INDUSTRIAL PRODUCTS & SERVICES	Others
HEXZA CORPORATION BHD	3298	UNKNOWN	Others
HIAP HUAT HOLDINGS BHD	160	UNKNOWN	Others
HIAP TECK VENTURE BHD	5072	INDUSTRIAL PRODUCTS & SERVICES	Others
HIBISCUS PETROLEUM BHD	5199	ENERGY	Others
HIL INDUSTRIES BHD	8443	UNKNOWN	Others
HLT GLOBAL BERHAD	188	UNKNOWN	Others
HO HUP CONSTRUCTION COMPANY	5169	UNKNOWN	Others
HO WAH GENTING BHD	9601	UNKNOWN	Others
HOCK HENG STONE INDUSTRIES BHD	5165	UNKNOWN	Others
HOCK SENG LEE BHD	6238	CONSTRUCTION	Others
HOMERITZ CORPORATION BERHAD	5160	CONSUMER PRODUCTS & SERVICES	Others
HONG LEONG CAPITAL BERHAD	5274	UNKNOWN	Others
HONG LEONG INDUSTRIES BHD	3301	UNKNOWN	Others
HSS ENGINEERS BERHAD	185	INDUSTRIAL PRODUCTS & SERVICES	Others
HUA YANG BHD	5062	UNKNOWN	Others
HUBLINE BHD	7013	UNKNOWN	Others
HUME INDUSTRIES BHD	5000	INDUSTRIAL PRODUCTS & SERVICES	Others
HUP SENG INDUSTRIES BHD	5024	CONSUMER PRODUCTS & SERVICES	Others
HWA TAI INDUSTRIES BHD	8478	UNKNOWN	Others
I-BHD	4251	PROPERTY	Others
IBRACO BHD	5084	PROPERTY	Others
ICAPITAL.BIZ BHD	5108	CLOSED END FUND	Others
ICON OFFSHORE BERHAD	5255	UNKNOWN	Others
IDEAL UNITED BINTANG INTERNATIONAL BERHAD	9687	UNKNOWN	Others
iDIMENSION CONSOLIDATED BHD	174	UNKNOWN	Others
IFCA MSC BHD	23	UNKNOWN	Others
IGB BERHAD	5606	PROPERTY	Others
IGB REAL ESTATE INV TRUST	5227	UNKNOWN	Others
IJM CORPORATION BHD	3336	UNKNOWN	Others
IJM PLANTATIONS BHD	2216	PLANTATION	Others
IKHMAS JAYA GROUP BERHAD	5268	UNKNOWN	Others
IMASPRO CORPORATION BHD	7222	UNKNOWN	Others
INARI AMERTRON BERHAD	166	UNKNOWN	Others
INCH KENNETH KAJANG RUBBER PLC	2607	PLANTATION	Others
INDUSTRONICS BHD	9393	UNKNOWN	Others
INIX TECHNOLOGIES HOLDINGS BHD	94	UNKNOWN	Others
INNITY CORPORATION BHD	147	UNKNOWN	Others
INNOPRISE PLANTATIONS BERHAD	6262	PLANTATION	Others
INSAS BHD	3379	FINANCIAL SERVICES	Others
INTA BINA GROUP BERHAD	192	UNKNOWN	Others
INTEGRATED LOGISTICS BHD	5614	UNKNOWN	Others
IOI PROPERTIES GROUP BERHAD	5249	UNKNOWN	Others
IPMUDA BHD	5673	UNKNOWN	Others
IQ GROUP HOLDINGS BHD	5107	UNKNOWN	Others
IREKA CORPORATION BHD	8834	UNKNOWN	Others
IRE-TEX CORPORATION BHD	7183	UNKNOWN	Others
IRIS CORPORATION BHD	10	TECHNOLOGY	Others
ISKANDAR WATERFRONT CITY BERHAD	1589	PROPERTY	Others
IVORY PROPERTIES GROUP BERHAD	5175	UNKNOWN	Others
JADI IMAGING HOLDINGS BHD	7223	UNKNOWN	Others
JAG BERHAD	24	UNKNOWN	Others
JAKS RESOURCES BERHAD	4723	CONSTRUCTION	Others
JASA KITA BHD	8648	UNKNOWN	Others
JAYA TIASA HOLDINGS BHD	4383	PLANTATION	Others
JAYCORP BHD	7152	UNKNOWN	Others
JCBNEXT BERHAD	58	INDUSTRIAL PRODUCTS & SERVICES	Others
JCY INTERNATIONAL BERHAD	5161	TECHNOLOGY	Others
JERASIA CAPITAL BHD	8931	UNKNOWN	Others
JF TECHNOLOGY BHD	146	UNKNOWN	Others
JHM CONSOLIDATION BHD	127	TECHNOLOGY	Others
JIANKUN INTERNATIONAL BERHAD	8923	UNKNOWN	Others
JKG LAND BERHAD	6769	UNKNOWN	Others
JM EDUCATION GROUP BERHAD	3003	UNKNOWN	Others
JMR CONGLOMERATION BHD	7043	UNKNOWN	Others
JOHAN HOLDINGS BHD	3441	UNKNOWN	Others
JOHORE TIN BHD	7167	CONSUMER PRODUCTS & SERVICES	Others
K. SENG SENG CORPORATION BHD	5192	UNKNOWN	Others
KAMDAR GROUP(M)BHD	8672	UNKNOWN	Others
KANGER INTERNATIONAL BERHAD	170	UNKNOWN	Others
KARAMBUNAI CORP BHD	3115	PROPERTY	Others
KAREX BERHAD	5247	CONSUMER PRODUCTS & SERVICES	Others
KARYON INDUSTRIES BHD	54	UNKNOWN	Others
KAWAN FOOD BHD	7216	CONSUMER PRODUCTS & SERVICES	Others
KECK SENG (M) BHD	3476	INDUSTRIAL PRODUCTS & SERVICES	Others
KEIN HING INTERNATIONAL BHD	7199	UNKNOWN	Others
KEJURUTERAAN ASASTERA BERHAD	193	UNKNOWN	Others
KELINGTON GROUP BERHAD	151	INDUSTRIAL PRODUCTS & SERVICES	Others
KEN HOLDINGS BHD	7323	UNKNOWN	Others
KENANGA INVESTMENT BANK BERHAD	6483	FINANCIAL SERVICES	Others
KERJAYA PROSPEK GROUP BERHAD	7161	CONSTRUCTION	Others
KESM INDUSTRIES BHD	9334	TECHNOLOGY	Others
KEY ALLIANCE GROUP BERHAD	36	UNKNOWN	Others
KEY ASIC BHD	143	UNKNOWN	Others
KHEE SAN BHD	6203	UNKNOWN	Others
KHIND HOLDINGS BHD	7062	UNKNOWN	Others
KIA LIM BHD	6211	UNKNOWN	Others
KIAN JOO CAN FACTORY BHD	3522	INDUSTRIAL PRODUCTS & SERVICES	Others
KIM HIN INDUSTRY BHD	5371	UNKNOWN	Others
KIM LOONG RESOURCES BHD	5027	PLANTATION	Others
KIM TECK CHEONG CONSOLIDATED BERHAD	180	UNKNOWN	Others
KIMLUN CORPORATION BERHAD	5171	CONSTRUCTION	Others
KINSTEEL BHD	5060	UNKNOWN	Others
KIP REAL ESTATE INVESTMENT TRUST	5280	UNKNOWN	Others
KKB ENGINEERING BHD	9466	INDUSTRIAL PRODUCTS & SERVICES	Others
KLUANG RUBBER CO (M) BHD	2453	PLANTATION	Others
KNM GROUP BHD	7164	UNKNOWN	Others
KNUSFORD BHD	5035	UNKNOWN	Others
KOBAY TECHNOLOGY BHD	6971	UNKNOWN	Others
KOMARKCORP BHD	7017	UNKNOWN	Others
K-ONE TECHNOLOGY BHD	111	UNKNOWN	Others
KONSORTIUM TRANSNASIONAL BHD	4847	UNKNOWN	Others
KOSSAN RUBBER INDUSTRIES BHD	7153	UNKNOWN	Others
KOTRA INDUSTRIES BHD	2	HEALTH CARE	Others
KPJ HEALTHCARE BHD	5878	UNKNOWN	Others
KPS CONSORTIUM BHD	9121	UNKNOWN	Others
KRETAM HOLDINGS BHD	1996	PLANTATION	Others
KRONOLOGI ASIA BERHAD	176	TECHNOLOGY	Others
KSL HOLDINGS BHD	5038	PROPERTY	Others
K-STAR SPORTS LIMITED	5172	UNKNOWN	Others
KUANTAN FLOUR MILLS BHD	8303	UNKNOWN	Others
KUB MALAYSIA BHD	6874	UNKNOWN	Others
KUCHAI DEVELOPMENT BHD	2186	FINANCIAL SERVICES	Others
KUMPULAN FIMA BHD	6491	INDUSTRIAL PRODUCTS & SERVICES	Others
KUMPULAN H&L HIGH-TECH BHD	7033	UNKNOWN	Others
KUMPULAN JETSON BHD	9083	UNKNOWN	Others
KUMPULAN PERANGSANG SELANGOR	5843	UTILITIES	Others
KUMPULAN POWERNET BHD	7130	UNKNOWN	Others
KWANTAS CORPORATION BHD	6572	PLANTATION	Others
KYM HOLDINGS BHD	8362	UNKNOWN	Others
LAFARGE MALAYSIA BERHAD	3794	INDUSTRIAL PRODUCTS & SERVICES	Others
LAMBO GROUP BERHAD	18	TECHNOLOGY	Others
LAND & GENERAL BHD	3174	PROPERTY	Others
LANDMARKS BHD	1643	CONSUMER PRODUCTS & SERVICES	Others
LATITUDE TREE HOLDINGS BHD	7006	CONSUMER PRODUCTS & SERVICES	Others
LAY HONG BHD	9385	CONSUMER PRODUCTS & SERVICES	Others
LB ALUMINIUM BHD	9326	UNKNOWN	Others
LBI CAPITAL BHD	8494	UNKNOWN	Others
LBS BINA GROUP BHD	5789	PROPERTY	Others
LEADER STEEL HOLDINGS BHD	9881	UNKNOWN	Others
LEBTECH BERHAD	9628	UNKNOWN	Others
LEE SWEE KIAT GROUP BHD	8079	UNKNOWN	Others
LEON FUAT BERHAD	5232	UNKNOWN	Others
LEWEKO RESOURCES BHD	8745	UNKNOWN	Others
LFE CORPORATION BHD	7170	UNKNOWN	Others
LIEN HOE CORPORATION BHD	3573	UNKNOWN	Others
LII HEN INDUSTRIES BHD	7089	CONSUMER PRODUCTS & SERVICES	Others
LINGKARAN TRANS KOTA HOLDINGS	6645	UNKNOWN	Others
LION FOREST INDUSTRIES BHD	8486	UNKNOWN	Others
LION INDUSTRIES CORPORATION	4235	INDUSTRIAL PRODUCTS & SERVICES	Others
LKL INTERNATIONAL BERHAD	182	UNKNOWN	Others
LONDON BISCUITS BHD	7126	UNKNOWN	Others
LOTTE CHEMICAL TITAN HOLDING BERHAD	5284	UNKNOWN	Others
LPI CAPITAL BHD	8621	UNKNOWN	Others
LTKM BHD	7085	UNKNOWN	Others
LUSTER INDUSTRIES BHD	5068	UNKNOWN	Others
LUXCHEM CORPORATION BHD	5143	INDUSTRIAL PRODUCTS & SERVICES	Others
LYC HEALTHCARE BERHAD	75	UNKNOWN	Others
LYSAGHT GALVANIZED STEEL BHD	9199	UNKNOWN	Others
M3 TECHNOLOGIES(ASIA)BHD	17	UNKNOWN	Others
MAA GROUP BERHAD	1198	UNKNOWN	Others
MAGNA PRIMA BHD	7617	PROPERTY	Others
MAGNI-TECH INDUSTRIES BHD	7087	CONSUMER PRODUCTS & SERVICES	Others
MAGNUM BERHAD	3859	UNKNOWN	Others
MAH SING GROUP BHD	8583	UNKNOWN	Others
MAJUPERAK HOLDINGS BHD	8141	UNKNOWN	Others
MALAKOFF CORPORATION BERHAD	5264	UNKNOWN	Others
MALAYAN FLOUR MILLS BHD	3662	CONSUMER PRODUCTS & SERVICES	Others
MALAYAN UNITED INDUSTRIES BHD	3891	CONSUMER PRODUCTS & SERVICES	Others
MALAYSIA BUILDING SOCIETY BHD	1171	UNKNOWN	Others
MALAYSIA MARINE AND HEAVY ENG	5186	ENERGY	Others
MALAYSIA PACIFIC CORP BHD	6548	UNKNOWN	Others
MALAYSIA SMELTING CORPORATION	5916	INDUSTRIAL PRODUCTS & SERVICES	Others
MALAYSIA STEEL WORKS (KL)BHD	5098	UNKNOWN	Others
MALAYSIAN BULK CARRIERS BHD	5077	TRANSPORTATION & LOGISTICS	Others
MALAYSIAN PACIFIC INDUSTRIES	3867	UNKNOWN	Others
MALAYSIAN RESOURCES CORPORATION BERHAD	1651	UNKNOWN	Others
MALPAC HOLDINGS BHD	4936	UNKNOWN	Others
MALTON BHD	6181	PROPERTY	Others
MANAGEPAY SYSTEMS BERHAD	156	UNKNOWN	Others
MANFORCE GROUP BERHAD	3015	UNKNOWN	Others
MANULIFE HOLDINGS BERHAD	1058	FINANCIAL SERVICES	Others
MARCO HOLDINGS BHD	3514	UNKNOWN	Others
MARINE & GENERAL BERHAD	5078	UNKNOWN	Others
MASTER-PACK GROUP BERHAD	7029	UNKNOWN	Others
MATANG BERHAD	189	UNKNOWN	Others
MATRIX CONCEPTS HOLDINGS BHD	5236	PROPERTY	Others
MAXWELL INT HOLDINGS BERHAD	5189	UNKNOWN	Others
MB WORLD GROUP BERHAD	7189	PROPERTY	Others
MBM RESOURCES BHD	5983	CONSUMER PRODUCTS & SERVICES	Others
MCE HOLDINGS BERHAD	7004	UNKNOWN	Others
MCLEAN TECHNOLOGIES BERHAD	167	UNKNOWN	Others
MCT BERHAD	5182	PROPERTY	Others
MEDA INC. BHD	5040	UNKNOWN	Others
MEDIA CHINESE INTERNATIONAL LT	5090	TELECOMMUNICATIONS & MEDIA	Others
MEDIA PRIMA BHD	4502	TELECOMMUNICATIONS & MEDIA	Others
MEGA FIRST CORPORATION BHD	3069	UTILITIES	Others
MEGA SUN CITY HOLDINGS BERHAD	81	UNKNOWN	Others
MELATI EHSAN HOLDINGS BHD	5129	UNKNOWN	Others
MELEWAR INDUSTRIAL GROUP BHD	3778	UNKNOWN	Others
MENANG CORPORATION (M) BHD	1694	UNKNOWN	Others
MENTIGA CORPORATION BHD	5223	UNKNOWN	Others
MERCURY INDUSTRIES BHD	8192	UNKNOWN	Others
MERGE ENERGY BHD	5006	UNKNOWN	Others
MESB BHD	7234	UNKNOWN	Others
MESINIAGA BHD	5011	UNKNOWN	Others
METRO HEALTHCARE BERHAD	3005	UNKNOWN	Others
METROD HOLDINGS BERHAD	6149	UNKNOWN	Others
METRONIC GLOBAL BHD	43	UNKNOWN	Others
MGB BERHAD	7595	CONSTRUCTION	Others
MHC PLANTATIONS BHD	5026	UNKNOWN	Others
MI TECHNOVATION BERHAD	5286	TECHNOLOGY	Others
MICROLINK SOLUTIONS BHD	126	UNKNOWN	Others
MIECO CHIPBOARD BHD	5001	UNKNOWN	Others
MIKRO MSC BERHAD	112	UNKNOWN	Others
MILUX CORPORATION BHD	7935	UNKNOWN	Others
MINDA GLOBAL BERHAD	5166	UNKNOWN	Others
MINETECH RESOURCES BHD	7219	UNKNOWN	Others
MINHO (M) BHD	5576	UNKNOWN	Others
MINTYE BERHAD	5886	UNKNOWN	Others
MITRAJAYA HOLDINGS BHD	9571	CONSTRUCTION	Others
MK LAND HOLDINGS BHD	8893	PROPERTY	Others
MKH BERHAD	6114	PROPERTY	Others
MLABS SYSTEMS BHD	85	UNKNOWN	Others
MMAG HOLDINGS BERHAD	34	UNKNOWN	Others
MMC CORPORATION BHD	2194	UNKNOWN	Others
MMS VENTURES BHD	113	UNKNOWN	Others
MNC WIRELESS BHD	103	UNKNOWN	Others
MNRB HOLDINGS BHD	6459	FINANCIAL SERVICES	Others
MPHB Capital Berhad	5237	FINANCIAL SERVICES	Others
MQ TECHNOLOGY BHD	70	UNKNOWN	Others
MRCB-QUILL REIT	5123	UNKNOWN	Others
MSIAN GENOMICS RES CENTRE BHD	155	UNKNOWN	Others
MSM MALAYSIA HOLDINGS BERHAD	5202	CONSUMER PRODUCTS & SERVICES	Others
MTD ACPI ENGINEERING BHD	5924	UNKNOWN	Others
MTOUCHE TECHNOLOGY BHD	92	UNKNOWN	Others
MUAR BAN LEE GROUP BERHAD	5152	UNKNOWN	Others
MUDA HOLDINGS BHD	3883	INDUSTRIAL PRODUCTS & SERVICES	Others
MUDAJAYA GROUP BHD	5085	UNKNOWN	Others
MUHIBBAH ENGINEERING (M) BHD	5703	CONSTRUCTION	Others
MUI PROPERTIES BHD	3913	UNKNOWN	Others
MULPHA INTERNATIONAL BHD	3905	CONSUMER PRODUCTS & SERVICES	Others
MULTI SPORTS HOLDINGS LTD	5150	UNKNOWN	Others
MULTI-USAGE HOLDINGS BHD	9539	UNKNOWN	Others
MY E.G. SERVICES BHD	138	UNKNOWN	Others
MYCRON STEEL BHD	5087	UNKNOWN	Others
MYKRIS INTERNATIONAL BERHAD	3010	UNKNOWN	Others
MYNEWS HOLDINGS BERHAD	5275	CONSUMER PRODUCTS & SERVICES	Others
N2N CONNECT BHD	108	TECHNOLOGY	Others
NAIM HOLDINGS BHD	5073	PROPERTY	Others
NATIONWIDE EXPRESS HOLDINGS BERHAD	9806	UNKNOWN	Others
NEGRI SEMBILAN OIL PALMS BHD	2038	PLANTATION	Others
NETX HOLDINGS BHD	20	UNKNOWN	Others
NEW HOONG FATT HOLDINGS BHD	7060	CONSUMER PRODUCTS & SERVICES	Others
NEXGRAM HOLDINGS BERHAD	96	UNKNOWN	Others
NEXTGREEN GLOBAL BERHAD	7241	UNKNOWN	Others
NI HSIN RESOURCES BHD	7215	UNKNOWN	Others
NICHE CAPITAL EMAS HLDG BHD	7139	UNKNOWN	Others
NOTION VTEC BHD	83	TECHNOLOGY	Others
NOVA MSC BHD	26	UNKNOWN	Others
NOVA PHARMA SOLUTIONS BERHAD	3006	UNKNOWN	Others
NOVA WELLNESS GROUP BERHAD	201	UNKNOWN	Others
NPC RESOURCES BHD	5047	PLANTATION	Others
NTPM HOLDINGS BHD	5066	CONSUMER PRODUCTS & SERVICES	Others
NWP HOLDINGS BHD	5025	UNKNOWN	Others
NYLEX (M) BHD	4944	UNKNOWN	Others
OCB BHD	5533	UNKNOWN	Others
OCEANCASH PACIFIC BHD	49	UNKNOWN	Others
OCK GROUP BERHAD	172	TELECOMMUNICATIONS & MEDIA	Others
OCR GROUP BERHAD	7071	UNKNOWN	Others
OKA CORPORATION BHD	7140	UNKNOWN	Others
OLYMPIA INDUSTRIES BHD	3018	UNKNOWN	Others
OMESTI BHD	9008	UNKNOWN	Others
ONLY WORLD GROUP HOLDINGS BERHAD	5260	UNKNOWN	Others
OPCOM HOLDINGS BHD	35	UNKNOWN	Others
OPENSYS (M) BHD	40	UNKNOWN	Others
ORIENTAL FOOD INDUSTRIES HLDG	7107	UNKNOWN	Others
ORIENTAL HOLDINGS BHD	4006	UNKNOWN	Others
ORIENTAL INTEREST BHD	5827	PROPERTY	Others
ORION IXL BERHAD	79	UNKNOWN	Others
ORNAPAPER BHD	5065	UNKNOWN	Others
OSK HOLDINGS BHD	5053	PROPERTY	Others
OSK VENTURES INTERNATIONAL BHD	53	UNKNOWN	Others
OVERSEA ENTERPRISE BERHAD	153	UNKNOWN	Others
P.A. RESOURCES BHD	7225	UNKNOWN	Others
P.I.E. INDUSTRIAL BHD	7095	INDUSTRIAL PRODUCTS & SERVICES	Others
PACIFIC & ORIENT BHD	6009	FINANCIAL SERVICES	Others
PADINI HOLDINGS BHD	7052	UNKNOWN	Others
PAN MALAYSIA CORPORATION BHD	4081	UNKNOWN	Others
PAN MALAYSIA HOLDINGS BHD	1287	UNKNOWN	Others
PANASONIC MANUFACTURING MSIA	3719	UNKNOWN	Others
PANPAGES BERHAD	41	UNKNOWN	Others
PANSAR BERHAD	8419	INDUSTRIAL PRODUCTS & SERVICES	Others
PANTECH GROUP HOLDINGS BHD	5125	INDUSTRIAL PRODUCTS & SERVICES	Others
PAOS HOLDINGS BHD	5022	UNKNOWN	Others
PARAGON GLOBE BERHAD	3611	UNKNOWN	Others
PARAGON UNION BHD	9407	UNKNOWN	Others
PARAMOUNT CORPORATION BHD	1724	PROPERTY	Others
PARKSON HOLDINGS BHD	5657	CONSUMER PRODUCTS & SERVICES	Others
PARLO BERHAD	22	UNKNOWN	Others
PASDEC HOLDINGS BHD	6912	UNKNOWN	Others
PASUKHAS GROUP BERHAD	177	UNKNOWN	Others
PAVILION REAL ESTATE INV TRUST	5212	UNKNOWN	Others
PBA HOLDINGS BHD	5041	UTILITIES	Others
PCCS GROUP BHD	6068	UNKNOWN	Others
PDZ HOLDINGS BHD	6254	UNKNOWN	Others
PECCA GROUP BERHAD	5271	UNKNOWN	Others
PEGASUS HEIGHTS BERHAD	4464	UNKNOWN	Others
PELANGI PUBLISHING GROUP BHD	7190	UNKNOWN	Others
PELIKAN INT.CORPORATION BHD	5231	UNKNOWN	Others
PENSONIC HOLDINGS BHD	9997	UNKNOWN	Others
PENTAMASTER CORPORATION BHD	7160	TECHNOLOGY	Others
PERAK CORPORATION BHD	8346	UNKNOWN	Others
PERAK TRANSIT BERHAD	186	CONSUMER PRODUCTS & SERVICES	Others
PERDANA PETROLEUM BERHAD	7108	UNKNOWN	Others
PERISAI PETROLEUM TEKNOLOGI	47	UNKNOWN	Others
PERMAJU INDUSTRIES BHD	7080	UNKNOWN	Others
PESONA METRO HOLDINGS BHD	8311	UNKNOWN	Others
PESTECH INTERNATIONAL BERHAD	5219	INDUSTRIAL PRODUCTS & SERVICES	Others
PETERLABS HOLDINGS BHD	171	UNKNOWN	Others
PETRA ENERGY BHD	5133	UNKNOWN	Others
PETRON MALAYSIA REFINING & MARKETING BERHAD	3042	ENERGY	Others
PHARMANIAGA BHD	7081	HEALTH CARE	Others
PIMPINAN EHSAN BERHAD	5622	UNKNOWN	Others
PINEAPPLE RESOURCES BHD	6	UNKNOWN	Others
PINEHILL PACIFIC BERHAD	1902	UNKNOWN	Others
PINTARAS JAYA BHD	9598	CONSTRUCTION	Others
PJBUMI BHD	7163	UNKNOWN	Others
PLASTRADE TECHNOLOGY BHD	38	UNKNOWN	Others
PLB ENGINEERING BHD	7055	UNKNOWN	Others
PLENITUDE BHD	5075	PROPERTY	Others
PLS PLANTATIONS BERHAD	9695	PLANTATION	Others
PMB TECHNOLOGY BHD	7172	INDUSTRIAL PRODUCTS & SERVICES	Others
PNE PCB BHD	6637	UNKNOWN	Others
POH HUAT RESOURCES HOLDINGS	7088	CONSUMER PRODUCTS & SERVICES	Others
POH KONG HOLDINGS BHD	5080	UNKNOWN	Others
POLY GLASS FIBRE (M) BHD	8117	UNKNOWN	Others
POLYMER LINK HOLDINGS BERHAD	3007	UNKNOWN	Others
POS MALAYSIA BHD	4634	TRANSPORTATION & LOGISTICS	Others
POWER ROOT BERHAD	7237	CONSUMER PRODUCTS & SERVICES	Others
PRESTAR RESOURCES BHD	9873	UNKNOWN	Others
PRESTARIANG BERHAD	5204	TECHNOLOGY	Others
PRG HOLDINGS BERHAD	7168	CONSUMER PRODUCTS & SERVICES	Others
PRICEWORTH INTERNATIONAL BHD	7123	INDUSTRIAL PRODUCTS & SERVICES	Others
PRINSIPTEK CORPORATION BHD	7145	UNKNOWN	Others
PRIVASIA TECHNOLOGY BERHAD	123	UNKNOWN	Others
PROGRESSIVE IMPACT CORPORATION	7201	UNKNOWN	Others
PROLEXUS BHD	8966	UNKNOWN	Others
PROTASCO BHD	5070	UNKNOWN	Others
PSAHAAN SADUR TIMAH MSIA	5436	INDUSTRIAL PRODUCTS & SERVICES	Others
PUBLIC PACKAGES HOLDINGS BHD	8273	UNKNOWN	Others
PUC BERHAD	7	TELECOMMUNICATIONS & MEDIA	Others
PUNCAK NIAGA HOLDINGS BHD	6807	UNKNOWN	Others
PWF CONSOLIDATED BERHAD	7134	UNKNOWN	Others
QES GROUP BERHAD	196	UNKNOWN	Others
QL RESOURCES BHD	7084	UNKNOWN	Others
QUALITY CONCRETE HOLDINGS BHD	7544	UNKNOWN	Others
RADIANT GLOBALTECH BERHAD	202	UNKNOWN	Others
RALCO CORPORATION BHD	7498	UNKNOWN	Others
RANHILL HOLDINGS BERHAD	5272	UTILITIES	Others
RAPID SYNERGY BHD	7765	PROPERTY	Others
RCE CAPITAL BHD	9296	FINANCIAL SERVICES	Others
REACH ENERGY BHD	5256	ENERGY	Others
RED IDEAS HOLDINGS BERHAD	3002	UNKNOWN	Others
RED SENA BERHAD	5270	SPECIAL PURPOSE ACQUISITION COMPANY	Others
REDTONE INTERNATIONAL BHD	32	UNKNOWN	Others
RESINTECH BHD	7232	UNKNOWN	Others
REV ASIA BERHAD	173	UNKNOWN	Others
REVENUE GROUP BERHAD	200	TECHNOLOGY	Others
REX INDUSTRY BHD	9946	UNKNOWN	Others
REXIT BHD	106	UNKNOWN	Others
RGB INTERNATIONAL BHD	37	CONSUMER PRODUCTS & SERVICES	Others
RGT BERHAD	9954	UNKNOWN	Others
RHONE MA HOLDINGS BERHAD	5278	UNKNOWN	Others
RIMBUNAN SAWIT BHD	5113	PLANTATION	Others
RIVERVIEW RUBBER ESTATES BHD	2542	PLANTATION	Others
ROHAS TECNIC BERHAD	9741	INDUSTRIAL PRODUCTS & SERVICES	Others
RUBBEREX CORPORATION (M) BHD	7803	UNKNOWN	Others
SALCON BHD	8567	UNKNOWN	Others
SALUTICA BERHAD	183	UNKNOWN	Others
SAM ENGINEERING & EQUIPMENT	9822	INDUSTRIAL PRODUCTS & SERVICES	Others
SAMCHEM HOLDINGS BERHAD	5147	UNKNOWN	Others
SANBUMI HOLDINGS BHD	9113	UNKNOWN	Others
SAND NISKO CAPITAL BERHAD	7943	UNKNOWN	Others
SANICHI TECHNOLOGY BHD	133	UNKNOWN	Others
SAPURA ENERGY BERHAD	5218	UNKNOWN	Others
SAPURA INDUSTRIAL BHD	7811	UNKNOWN	Others
SAPURA RESOURCES BHD	4596	UNKNOWN	Others
SARAWAK CABLE BERHAD	5170	UNKNOWN	Others
SARAWAK CONSOLIDATED IND BHD	9237	UNKNOWN	Others
SARAWAK OIL PALMS BHD	5126	PLANTATION	Others
SARAWAK PLANTATION BHD	5135	PLANTATION	Others
SASBADI HOLDINGS BHD	5252	UNKNOWN	Others
SAUDEE GROUP BERHAD	5157	UNKNOWN	Others
SBC CORPORATION BHD	5207	UNKNOWN	Others
SC ESTATE BUILDER BERHAD	109	UNKNOWN	Others
SCANWOLF CORPORATION BHD	7239	UNKNOWN	Others
SCC HOLDINGS BERHAD	158	UNKNOWN	Others
SCGM BHD	7247	INDUSTRIAL PRODUCTS & SERVICES	Others
SCH GROUP BERHAD	161	UNKNOWN	Others
SCICOM (MSC) BHD	99	INDUSTRIAL PRODUCTS & SERVICES	Others
SCIENTEX BERHAD	4731	UNKNOWN	Others
SCOMI ENERGY SERVICES BHD	7045	UNKNOWN	Others
SCOMI GROUP BHD	7158	UNKNOWN	Others
SCOPE INDUSTRIES BHD	28	UNKNOWN	Others
SEACERA GROUP BERHAD	7073	UNKNOWN	Others
SEAL INCORPORATED BHD	4286	UNKNOWN	Others
SEALINK INTERNATIONAL BHD	5145	UNKNOWN	Others
SECUREMETRIC BERHAD	203	UNKNOWN	Others
SEDANIA INNOVATOR BERHAD	178	UNKNOWN	Others
SEE HUP CONSOLIDATED BHD	7053	UNKNOWN	Others
SEERS BERHAD	3009	UNKNOWN	Others
SEG INTERNATIONAL BHD	9792	CONSUMER PRODUCTS & SERVICES	Others
SELANGOR DREDGING BHD	2224	PROPERTY	Others
SELANGOR PROPERTIES BHD	1783	PROPERTY	Others
SENI JAYA CORPORATION BHD	9431	UNKNOWN	Others
SENTORIA GROUP BERHAD	5213	PROPERTY	Others
SERBA DINAMIK HOLDINGS BERHAD	5279	UNKNOWN	Others
SEREMBAN ENGINEERING BERHAD	5163	UNKNOWN	Others
SERN KOU RESOURCES BHD	7180	UNKNOWN	Others
SERSOL BERHAD	55	UNKNOWN	Others
SHANGRI-LA HOTELS (M) BHD	5517	UNKNOWN	Others
SHH RESOURCES HOLDINGS BHD	7412	UNKNOWN	Others
SHIN YANG SHIPPING CORP BHD	5173	TRANSPORTATION & LOGISTICS	Others
SHL CONSOLIDATED BHD	6017	PROPERTY	Others
SIG GASES BERHAD	5181	UNKNOWN	Others
SIGNATURE INTERNATIONAL BHD	7246	UNKNOWN	Others
SILVER RIDGE HOLDINGS BHD	129	UNKNOWN	Others
SIME DARBY PROPERTY BERHAD	5288	UNKNOWN	Others
SIN HENG CHAN (MALAYA) BHD	4316	UNKNOWN	Others
SINMAH CAPITAL BERHAD	9776	UNKNOWN	Others
SINO HUA-AN INTERNATIONAL BHD	2739	UNKNOWN	Others
SINOTOP HOLDINGS BERHAD	8532	UNKNOWN	Others
SKB SHUTTERS CORPORATION BHD	7115	UNKNOWN	Others
SKP RESOURCES BHD	7155	INDUSTRIAL PRODUCTS & SERVICES	Others
SL INNOVATION CAPITAL BERHAD	3008	UNKNOWN	Others
SLP RESOURCES BHD	7248	INDUSTRIAL PRODUCTS & SERVICES	Others
SMIS CORPORATION BHD	7132	UNKNOWN	Others
SMRT HOLDINGS BERHAD	117	UNKNOWN	Others
SMTRACK BERHAD	169	UNKNOWN	Others
SOLID AUTOMOTIVE BHD	5242	UNKNOWN	Others
SOLUTION ENGINEERING HOLDINGS	93	UNKNOWN	Others
SOUTH MALAYSIA INDUSTRIES BHD	4375	UNKNOWN	Others
SOUTHERN ACIDS (M) BHD	5134	INDUSTRIAL PRODUCTS & SERVICES	Others
SOUTHERN STEEL BHD	5665	INDUSTRIAL PRODUCTS & SERVICES	Others
SP SETIA BHD	8664	UNKNOWN	Others
SPRING GALLERY BERHAD	7165	UNKNOWN	Others
SPRITZER BHD	7103	CONSUMER PRODUCTS & SERVICES	Others
STAR MEDIA GROUP BERHAD	6084	TELECOMMUNICATIONS & MEDIA	Others
STERLING PROGRESS BERHAD	140	UNKNOWN	Others
STONE MASTER CORPORATION BHD	7143	UNKNOWN	Others
STRAITS INTER LOGISTICS BERHAD	80	UNKNOWN	Others
SUBUR TIASA HOLDINGS BHD	6904	UNKNOWN	Others
SUCCESS TRANSFORMER CORP BHD	7207	UNKNOWN	Others
SUIWAH CORPORATION BHD	9865	UNKNOWN	Others
SUMATEC RESOURCES BHD	1201	UNKNOWN	Others
SUNGEI BAGAN RUBBER CO (M) BHD	2569	UNKNOWN	Others
SUNSURIA BERHAD	3743	PROPERTY	Others
SUNWAY BERHAD	5211	UNKNOWN	Others
SUNWAY CONSTRUCTION GROUP BERHAD	5263	CONSTRUCTION	Others
SUNWAY REAL ESTATE INVT TRUST	5176	UNKNOWN	Others
SUNZEN BIOTECH BHD	148	UNKNOWN	Others
SUPERCOMNET TECHNOLOGIES BHD	1	INDUSTRIAL PRODUCTS & SERVICES	Others
SUPERLON HOLDINGS BHD	7235	UNKNOWN	Others
SUPERMAX CORPORATION BHD	7106	UNKNOWN	Others
SUPREME CONSOLIDATED RESOURCES BERHAD	3018	UNKNOWN	Others
SURIA CAPITAL HOLDINGS BHD	6521	TRANSPORTATION & LOGISTICS	Others
SWS CAPITAL BERHAD	7186	UNKNOWN	Others
SYARIKAT TAKAFUL MALAYSIA KELUARGA BERHAD	6139	UNKNOWN	Others
SYCAL VENTURES BHD	9717	UNKNOWN	Others
SYF RESOURCES BHD	7082	UNKNOWN	Others
SYMPHONY LIFE BERHAD	1538	UNKNOWN	Others
SYSTECH BHD	50	UNKNOWN	Others
T7 GLOBAL BERHAD	7228	UNKNOWN	Others
TA ANN HOLDINGS BHD	5012	PLANTATION	Others
TA ENTERPRISE BHD	4898	FINANCIAL SERVICES	Others
TA GLOBAL BHD	5158	PROPERTY	Others
TA WIN HOLDINGS BHD	7097	UNKNOWN	Others
TADMAX RESOURCES BERHAD	4022	UNKNOWN	Others
TAFI INDUSTRIES BHD	7211	UNKNOWN	Others
TALAM TRANSFORM BERHAD	2259	UNKNOWN	Others
TALIWORKS CORPORATION BHD	8524	UTILITIES	Others
TAMBUN INDAH LAND BERHAD	5191	PROPERTY	Others
TAN CHONG MOTOR HOLDINGS BHD	4405	CONSUMER PRODUCTS & SERVICES	Others
TANCO HOLDINGS BHD	2429	UNKNOWN	Others
TAS OFFSHORE BERHAD	5149	UNKNOWN	Others
TASCO BERHAD	5140	TRANSPORTATION & LOGISTICS	Others
TASEK CORPORATION BHD	4448	INDUSTRIAL PRODUCTS & SERVICES	Others
TATT GIAP GROUP BERHAD	5178	UNKNOWN	Others
TDM BHD	2054	PLANTATION	Others
TECHBOND GROUP BERHAD	5289	INDUSTRIAL PRODUCTS & SERVICES	Others
TECHFAST HOLDINGS BHD	84	UNKNOWN	Others
TECHNODEX BHD	132	UNKNOWN	Others
TECK GUAN PERDANA BHD	7439	UNKNOWN	Others
TEK SENG HOLDINGS BHD	7200	UNKNOWN	Others
TELEKOM MALAYSIA BHD	4863	UNKNOWN	Others
TEO GUAN LEE CORPORATION BHD	9369	UNKNOWN	Others
TEO SENG CAPITAL BHD	7252	CONSUMER PRODUCTS & SERVICES	Others
TEX CYCLE TECHNOLOGY (M) BHD	89	UNKNOWN	Others
TEXCHEM RESOURCES BHD	8702	UNKNOWN	Others
TFP SOLUTIONS BHD	145	UNKNOWN	Others
TH HEAVY ENGINEERING BERHAD	7206	UNKNOWN	Others
TH PLANTATIONS BHD	5112	PLANTATION	Others
THETA EDGE BERHAD	9075	UNKNOWN	Others
THONG GUAN INDUSTRIES BHD	7034	INDUSTRIAL PRODUCTS & SERVICES	Others
THREE-A RESOURCES BHD	12	CONSUMER PRODUCTS & SERVICES	Others
THRIVEN GLOBAL BERHAD	7889	UNKNOWN	Others
TIEN WAH PRESS HOLDINGS BHD	7374	UNKNOWN	Others
TIGER SYNERGY BERHAD	7079	UNKNOWN	Others
TIMBERWELL BHD	7854	UNKNOWN	Others
TIME DOTCOM BHD	5031	UNKNOWN	Others
TIONG NAM LOGISTICS HOLDINGS	8397	TRANSPORTATION & LOGISTICS	Others
TITIJAYA LAND BERHAD	5239	PROPERTY	Others
TMC LIFE SCIENCES BHD	101	HEALTH CARE	Others
TOMEI CONSOLIDATED BHD	7230	UNKNOWN	Others
TOMYPAK HOLDINGS BHD	7285	INDUSTRIAL PRODUCTS & SERVICES	Others
TONG HERR RESOURCES BHD	5010	INDUSTRIAL PRODUCTS & SERVICES	Others
TOPVISION EYE SPECIALIST BERHAD	3013	UNKNOWN	Others
TOWER REITS	5111	UNKNOWN	Others
TOYO INK GROUP BHD	7173	UNKNOWN	Others
TPC PLUS BHD	7176	UNKNOWN	Others
TRANSOCEAN HOLDINGS BHD	7218	UNKNOWN	Others
TRC SYNERGY BHD	5054	CONSTRUCTION	Others
TRI-MODE SYSTEM (M) BERHAD	199	UNKNOWN	Others
TRIVE PROPERTY GROUP BERHAD	118	UNKNOWN	Others
TROPICANA CORPORATION BERHAD	5401	PROPERTY	Others
TSH RESOURCES BHD	9059	PLANTATION	Others
TSR CAPITAL BHD	5042	UNKNOWN	Others
TUNE PROTECT GROUP BERHAD	5230	FINANCIAL SERVICES	Others
TURBO-MECH BERHAD	5167	UNKNOWN	Others
TURIYA BHD	4359	UNKNOWN	Others
UCHI TECHNOLOGIES BHD	7100	INDUSTRIAL PRODUCTS & SERVICES	Others
UCREST BERHAD	5	UNKNOWN	Others
UEM EDGENTA BERHAD	1368	UNKNOWN	Others
UEM SUNRISE BERHAD	5148	UNKNOWN	Others
UMS HOLDINGS BHD	7137	UNKNOWN	Others
UMS-NEIKEN GROUP BHD	7227	UNKNOWN	Others
UMW HOLDINGS BHD	4588	UNKNOWN	Others
UNI WALL APS HOLDINGS BERHAD	3017	UNKNOWN	Others
UNIMECH GROUP BHD	7091	UNKNOWN	Others
UNISEM (M) BHD	5005	UNKNOWN	Others
UNITED MALACCA BHD	2593	PLANTATION	Others
UNITED PLANTATIONS BHD	2089	UNKNOWN	Others
UNITED U-LI CORPORATION BHD	7133	UNKNOWN	Others
UOA DEVELOPMENT BERHAD	5200	UNKNOWN	Others
UOA REITS	5110	UNKNOWN	Others
UPA CORPORATION BHD	7757	UNKNOWN	Others
UTUSAN MELAYU (M) BHD	5754	UNKNOWN	Others
UZMA BHD	7250	UNKNOWN	Others
V.S INDUSTRY BHD	6963	INDUSTRIAL PRODUCTS & SERVICES	Others
VELESTO ENERGY BERHAD	5243	ENERGY	Others
VERSATILE CREATIVE BHD	4995	UNKNOWN	Others
VERTICE BERHAD	7240	UNKNOWN	Others
VISDYNAMICS HOLDINGS BHD	120	UNKNOWN	Others
VITROX CORPORATION BHD	97	UNKNOWN	Others
VIVOCOM INTL HOLDINGS BERHAD	69	UNKNOWN	Others
VIZIONE HOLDINGS BERHAD	7070	CONSTRUCTION	Others
VORTEX CONSOLIDATED BERHAD	60	UNKNOWN	Others
VSOLAR GROUP BERHAD	66	UNKNOWN	Others
VSTECS BERHAD	5162	UNKNOWN	Others
WAH SEONG CORPORATION BHD	5142	ENERGY	Others
WANG-ZHENG BHD	7203	UNKNOWN	Others
WARISAN TC HOLDINGS BHD	5016	UNKNOWN	Others
WATTA HOLDING BHD	7226	UNKNOWN	Others
WCE HOLDINGS BERHAD	3565	CONSTRUCTION	Others
WCT HOLDINGS BERHAD	9679	CONSTRUCTION	Others
WEGMANS HOLDINGS BERHAD	197	UNKNOWN	Others
WELLCALL HOLDINGS BHD	7231	INDUSTRIAL PRODUCTS & SERVICES	Others
WESTPORTS HOLDINGS BERHAD	5246	UNKNOWN	Others
WHITE HORSE BHD	5009	INDUSTRIAL PRODUCTS & SERVICES	Others
WIDAD GROUP BERHAD	162	CONSTRUCTION	Others
WIDETECH (M) BHD	7692	UNKNOWN	Others
WILLOWGLEN MSC BHD	8	TECHNOLOGY	Others
WINTONI GROUP BHD	141	UNKNOWN	Others
WMG HOLDINGS BERHAD	6378	UNKNOWN	Others
WONG ENGINEERING CORPORATION	7050	UNKNOWN	Others
WOODLANDOR HOLDINGS BHD	7025	UNKNOWN	Others
WTK HOLDINGS BHD	4243	INDUSTRIAL PRODUCTS & SERVICES	Others
WZ SATU BERHAD	7245	UNKNOWN	Others
XIAN LENG HOLDINGS BHD	7121	UNKNOWN	Others
XIDELANG HOLDINGS LTD	5156	CONSUMER PRODUCTS & SERVICES	Others
XIN HWA HOLDINGS BERHAD	5267	UNKNOWN	Others
XINGHE HOLDINGS BERHAD	95	UNKNOWN	Others
XINGQUAN INT SPORTS HLDG LTD	5155	UNKNOWN	Others
XOX BHD	165	UNKNOWN	Others
Y&G CORPORATION BHD	7003	UNKNOWN	Others
Y.S.P.SOUTHEAST ASIA HOLDING	7178	HEALTH CARE	Others
YBS INTERNATIONAL BERHAD	25	UNKNOWN	Others
YEE LEE CORPORATION BHD	5584	CONSUMER PRODUCTS & SERVICES	Others
YFG BERHAD	7122	UNKNOWN	Others
YGL CONVERGENCE BHD	86	UNKNOWN	Others
YI-LAI BHD	5048	UNKNOWN	Others
YINSON HOLDINGS BHD	7293	UNKNOWN	Others
YKGI HOLDINGS BERHAD	7020	UNKNOWN	Others
YLI HOLDINGS BHD	7014	UNKNOWN	Others
YNH PROPERTY BHD	3158	PROPERTY	Others
YONG TAI BHD	7066	UNKNOWN	Others
YOONG ONN CORPORATION BERHAD	5159	UNKNOWN	Others
YTL CORPORATION BHD	4677	UNKNOWN	Others
YTL HOSPITALITY REIT	5109	UNKNOWN	Others
YTL LAND & DEVELOPMENT BHD	2577	PROPERTY	Others
YTL POWER INTERNATIONAL BHD	6742	UNKNOWN	Others
ZECON BHD	7028	UNKNOWN	Others
ZELAN BHD	2283	UNKNOWN	Others
ZHULIAN CORPORATION BHD	5131	CONSUMER PRODUCTS & SERVICES	Others
DUOPHARMA BIOTECH BERHAD	7148	HEALTH CARE	Others
DWL RESOURCES BERHAD	7165	UNKNOWN	Others
DYNACIATE GROUP BERHAD	5178	UNKNOWN	Others
MERIDIAN BERHAD	5040	UNKNOWN	Others
MSCM HOLDINGS BERHAD	41	UNKNOWN	Others
